{
  "bodyTypeName": "male",
  "url": "https://liberatedpixelcup.github.io/Universal-LPC-Spritesheet-Character-Generator/#?body=Body_color_fur_grey&head=Rat_fur_grey&armour=Plate_silver&backpack=Jetpack_bronze&hat=Nasal_helm_silver",
  "spritesheets": "https://liberatedpixelcup.github.io/Universal-LPC-Spritesheet-Character-Generator/spritesheets/",
  "version": 1,
  "datetime": "6/9/2025, 1:51:03 PM",
  "credits": [
    {
      "fileName": "body/bodies/male/fur_grey.png",
      "licenses": "OGA-BY 3.0,CC-BY-SA 3.0,GPL 3.0",
      "authors": "bluecarrot16,JaidynReiman,Benjamin K. Smith (BenCreating),Evert,Eliza Wyatt (ElizaWy),TheraHedwig,MuffinElZangano,Durrani,Johannes Sjölund (wulax),Stephen Challener (Redshrike)",
      "urls": "https://opengameart.org/content/liberated-pixel-cup-lpc-base-assets-sprites-map-tiles,https://opengameart.org/content/lpc-medieval-fantasy-character-sprites,https://opengameart.org/content/lpc-male-jumping-animation-by-durrani,https://opengameart.org/content/lpc-runcycle-and-diagonal-walkcycle,https://opengameart.org/content/lpc-revised-character-basics,https://opengameart.org/content/lpc-be-seated,https://opengameart.org/content/lpc-runcycle-for-male-muscular-and-pregnant-character-bases-with-modular-heads,https://opengameart.org/content/lpc-jump-expanded,https://opengameart.org/content/lpc-character-bases",
      "notes": "see details at https://opengameart.org/content/lpc-character-bases; 'Thick' Male Revised Run/Climb by JaidynReiman (based on ElizaWy's LPC Revised)"
    },
    {
      "fileName": "head/heads/rat/adult/fur_grey.png",
      "licenses": "OGA-BY 3.0,CC-BY 3.0,CC-BY-SA 3.0",
      "authors": "bluecarrot16,Stephen Challener (Redshrike)",
      "urls": "https://opengameart.org/content/bunny-rabbit-lpc-style-for-pixelfarm,http://opengameart.org/content/lpc-folk",
      "notes": "original rabbit by Redshrike, adapted to modular head by bluecarrot16, modified to rat by bluecarrot16"
    },
    {
      "fileName": "hat/helmet/nasal/adult/silver.png",
      "licenses": "CC-BY 3.0,CC-BY 4.0,OGA-BY 3.0,GPL 2.0,GPL 3.0",
      "authors": "bluecarrot16",
      "urls": "https://opengameart.org/content/lpc-helmets,https://opengameart.org/content/lpc-expanded-hats-facial-helmets",
      "notes": ""
    },
    {
      "fileName": "torso/armour/plate/male/silver.png",
      "licenses": "OGA-BY 3.0,CC-BY-SA 3.0,GPL 3.0",
      "authors": "JaidynReiman, bluecarrot16, Michael Whitlock (bigbeargames), Johannes Sjölund (wulax)",
      "urls": "https://opengameart.org/content/lpc-medieval-fantasy-character-sprites,https://opengameart.org/content/lpc-combat-armor-for-women",
      "notes": "original by wulax, recolor by bigbeargames, color reduced to 7 colors and adapted to v3 bases by bluecarrot16, run/jump/sit/climb/revised combat by JaidynReiman"
    },
    {
      "fileName": "backpack/jetpack/male/bronze.png",
      "licenses": "CC-BY-SA 3.0,GPL 3.0",
      "authors": "Benjamin K. Smith (BenCreating),macmanmatty",
      "urls": "https://opengameart.org/content/lpc-backpacks",
      "notes": "trivial adjustments by bluecarrot16 to be compatible with v3 bases"
    }
  ],
  "layers": [
    {
      "fileName": "body/bodies/male/fur_grey.png",
      "zPos": 10,
      "parentName": "body",
      "name": "Body_color",
      "variant": "fur_grey",
      "supportedAnimations": "spellcast,thrust,walk,slash,shoot,hurt,watering,idle,jump,run,sit,emote,climb,combat,1h_slash,1h_backslash,1h_halfslash"
    },
    {
      "fileName": "torso/armour/plate/male/silver.png",
      "zPos": 60,
      "parentName": "armour",
      "name": "Plate",
      "variant": "silver",
      "supportedAnimations": "spellcast,thrust,walk,slash,shoot,hurt,watering,idle,jump,run,sit,emote,climb,combat,1h_slash,1h_backslash,1h_halfslash"
    },
    {
      "fileName": "head/heads/rat/adult/fur_grey.png",
      "zPos": 100,
      "parentName": "head",
      "name": "Rat",
      "variant": "fur_grey",
      "supportedAnimations": "spellcast,thrust,walk,slash,shoot,hurt,watering,idle,jump,run,sit,emote,climb,combat,1h_slash,1h_backslash,1h_halfslash"
    },
    {
      "fileName": "backpack/jetpack/male/bronze.png",
      "zPos": 110,
      "parentName": "backpack",
      "name": "Jetpack",
      "variant": "bronze",
      "supportedAnimations": "spellcast,thrust,walk,slash,shoot,hurt,watering"
    },
    {
      "fileName": "hat/helmet/nasal/adult/silver.png",
      "zPos": 130,
      "parentName": "hat",
      "name": "Nasal_helm",
      "variant": "silver",
      "supportedAnimations": "spellcast,thrust,walk,slash,shoot,hurt,watering,idle,jump,run,sit,emote,climb,combat,1h_slash,1h_backslash,1h_halfslash"
    }
  ]
}